ComponentName, StatisticName, StatisticSubId, StatisticType, SimTime, Rank, Sum.u32, SumSQ.u32, Count.u64, Min.u32, Max.u32, Sum.f64, SumSQ.f64, Min.f64, Max.f64
T12C09_ctrl, activeCycleF, , Accumulator, 34684515000, 4, 34684515, 34684515, 34684515, 1, 1, 0, 0, 0, 0
T12C09_ctrl, activeCycleD, , Accumulator, 34684515000, 4, 34141833, 34141833, 34141833, 1, 1, 0, 0, 0, 0
T12C09_ctrl, activeCycleM, , Accumulator, 34684515000, 4, 5823186, 5823186, 5823186, 1, 1, 0, 0, 0, 0
T12C09_ctrl, activeCycleALU, , Accumulator, 34684515000, 4, 23461833, 23461833, 23461833, 1, 1, 0, 0, 0, 0
T12C09_ctrl, activeCycleFPU, , Accumulator, 34684515000, 4, 2860000, 2860000, 2860000, 1, 1, 0, 0, 0, 0
T12C09_acam, energyCAM, , Accumulator, 34684515000, 4, 0, 0, 68423680000, 0, 0, 183186955070.833069, 2426528921169.010742, 0.646400, 87.552000
T12C09_acam, energyDAC, , Accumulator, 34684515000, 4, 0, 0, 1040000, 0, 0, 47983279.331875, 2213841437.864069, 46.137769, 46.137769
T12C09_acam, energySA, , Accumulator, 34684515000, 4, 0, 0, 266240000, 0, 0, 4792319999.999999, 86261759999.999985, 18.000000, 18.000000
T12C09_acam, energyPC, , Accumulator, 34684515000, 4, 0, 0, 266240000, 0, 0, 3924910099.147916, 57861024161.071457, 14.742000, 14.742000
T12C09_acam, energyREG, , Accumulator, 34684515000, 4, 0, 0, 267280001, 0, 0, 12454276424.162323, 104266996510059347968.000000, 8.170000, 10211121216.000000
T12C09__mpe, activeCycle, , Accumulator, 34684515000, 4, 1580000, 1580000, 1580000, 1, 1, 0, 0, 0, 0
T12C10_ctrl, activeCycleF, , Accumulator, 34684515000, 4, 34684515, 34684515, 34684515, 1, 1, 0, 0, 0, 0
T12C10_ctrl, activeCycleD, , Accumulator, 34684515000, 4, 34141833, 34141833, 34141833, 1, 1, 0, 0, 0, 0
T12C10_ctrl, activeCycleM, , Accumulator, 34684515000, 4, 5823186, 5823186, 5823186, 1, 1, 0, 0, 0, 0
T12C10_ctrl, activeCycleALU, , Accumulator, 34684515000, 4, 23461833, 23461833, 23461833, 1, 1, 0, 0, 0, 0
T12C10_ctrl, activeCycleFPU, , Accumulator, 34684515000, 4, 2860000, 2860000, 2860000, 1, 1, 0, 0, 0, 0
T12C10_acam, energyCAM, , Accumulator, 34684515000, 4, 0, 0, 68423680000, 0, 0, 182925040811.185394, 2423707469711.000488, 0.646400, 87.552000
T12C10_acam, energyDAC, , Accumulator, 34684515000, 4, 0, 0, 1040000, 0, 0, 47983279.331875, 2213841437.864069, 46.137769, 46.137769
T12C10_acam, energySA, , Accumulator, 34684515000, 4, 0, 0, 266240000, 0, 0, 4792319999.999999, 86261759999.999985, 18.000000, 18.000000
T12C10_acam, energyPC, , Accumulator, 34684515000, 4, 0, 0, 266240000, 0, 0, 3924910099.147916, 57861024161.071457, 14.742000, 14.742000
T12C10_acam, energyREG, , Accumulator, 34684515000, 4, 0, 0, 267280001, 0, 0, 12454276424.162323, 104266996510059347968.000000, 8.170000, 10211121216.000000
T12C10__mpe, activeCycle, , Accumulator, 34684515000, 4, 1580000, 1580000, 1580000, 1, 1, 0, 0, 0, 0
T12C11_ctrl, activeCycleF, , Accumulator, 34684515000, 4, 34684515, 34684515, 34684515, 1, 1, 0, 0, 0, 0
T12C11_ctrl, activeCycleD, , Accumulator, 34684515000, 4, 34141833, 34141833, 34141833, 1, 1, 0, 0, 0, 0
T12C11_ctrl, activeCycleM, , Accumulator, 34684515000, 4, 5823186, 5823186, 5823186, 1, 1, 0, 0, 0, 0
T12C11_ctrl, activeCycleALU, , Accumulator, 34684515000, 4, 23461833, 23461833, 23461833, 1, 1, 0, 0, 0, 0
T12C11_ctrl, activeCycleFPU, , Accumulator, 34684515000, 4, 2860000, 2860000, 2860000, 1, 1, 0, 0, 0, 0
T12C11_acam, energyCAM, , Accumulator, 34684515000, 4, 0, 0, 68423680000, 0, 0, 183015682264.815155, 2423871671781.344727, 0.646400, 87.552000
T12C11_acam, energyDAC, , Accumulator, 34684515000, 4, 0, 0, 1040000, 0, 0, 47983279.331875, 2213841437.864069, 46.137769, 46.137769
T12C11_acam, energySA, , Accumulator, 34684515000, 4, 0, 0, 266240000, 0, 0, 4792319999.999999, 86261759999.999985, 18.000000, 18.000000
T12C11_acam, energyPC, , Accumulator, 34684515000, 4, 0, 0, 266240000, 0, 0, 3924910099.147916, 57861024161.071457, 14.742000, 14.742000
T12C11_acam, energyREG, , Accumulator, 34684515000, 4, 0, 0, 267280001, 0, 0, 12454276424.162323, 104266996510059347968.000000, 8.170000, 10211121216.000000
T12C11__mpe, activeCycle, , Accumulator, 34684515000, 4, 1580000, 1580000, 1580000, 1, 1, 0, 0, 0, 0
T12C12_ctrl, activeCycleF, , Accumulator, 34684515000, 4, 34684515, 34684515, 34684515, 1, 1, 0, 0, 0, 0
T12C12_ctrl, activeCycleD, , Accumulator, 34684515000, 4, 34141833, 34141833, 34141833, 1, 1, 0, 0, 0, 0
T12C12_ctrl, activeCycleM, , Accumulator, 34684515000, 4, 5823186, 5823186, 5823186, 1, 1, 0, 0, 0, 0
T12C12_ctrl, activeCycleALU, , Accumulator, 34684515000, 4, 23461833, 23461833, 23461833, 1, 1, 0, 0, 0, 0
T12C12_ctrl, activeCycleFPU, , Accumulator, 34684515000, 4, 2860000, 2860000, 2860000, 1, 1, 0, 0, 0, 0
T12C12_acam, energyCAM, , Accumulator, 34684515000, 4, 0, 0, 68423680000, 0, 0, 183116747524.437744, 2425473382005.770020, 0.646400, 87.552000
T12C12_acam, energyDAC, , Accumulator, 34684515000, 4, 0, 0, 1040000, 0, 0, 47983279.331875, 2213841437.864069, 46.137769, 46.137769
T12C12_acam, energySA, , Accumulator, 34684515000, 4, 0, 0, 266240000, 0, 0, 4792319999.999999, 86261759999.999985, 18.000000, 18.000000
T12C12_acam, energyPC, , Accumulator, 34684515000, 4, 0, 0, 266240000, 0, 0, 3924910099.147916, 57861024161.071457, 14.742000, 14.742000
T12C12_acam, energyREG, , Accumulator, 34684515000, 4, 0, 0, 267280001, 0, 0, 12454276424.162323, 104266996510059347968.000000, 8.170000, 10211121216.000000
T12C12__mpe, activeCycle, , Accumulator, 34684515000, 4, 1580000, 1580000, 1580000, 1, 1, 0, 0, 0, 0
T12C13_ctrl, activeCycleF, , Accumulator, 34684515000, 4, 34684515, 34684515, 34684515, 1, 1, 0, 0, 0, 0
T12C13_ctrl, activeCycleD, , Accumulator, 34684515000, 4, 34141833, 34141833, 34141833, 1, 1, 0, 0, 0, 0
T12C13_ctrl, activeCycleM, , Accumulator, 34684515000, 4, 5823186, 5823186, 5823186, 1, 1, 0, 0, 0, 0
T12C13_ctrl, activeCycleALU, , Accumulator, 34684515000, 4, 23461833, 23461833, 23461833, 1, 1, 0, 0, 0, 0
T12C13_ctrl, activeCycleFPU, , Accumulator, 34684515000, 4, 2860000, 2860000, 2860000, 1, 1, 0, 0, 0, 0
T12C13_acam, energyCAM, , Accumulator, 34684515000, 4, 0, 0, 68423680000, 0, 0, 182780738834.644165, 2423182470448.846191, 0.646400, 87.552000
T12C13_acam, energyDAC, , Accumulator, 34684515000, 4, 0, 0, 1040000, 0, 0, 47983279.331875, 2213841437.864069, 46.137769, 46.137769
T12C13_acam, energySA, , Accumulator, 34684515000, 4, 0, 0, 266240000, 0, 0, 4792319999.999999, 86261759999.999985, 18.000000, 18.000000
T12C13_acam, energyPC, , Accumulator, 34684515000, 4, 0, 0, 266240000, 0, 0, 3924910099.147916, 57861024161.071457, 14.742000, 14.742000
T12C13_acam, energyREG, , Accumulator, 34684515000, 4, 0, 0, 267280001, 0, 0, 12454276424.162323, 104266996510059347968.000000, 8.170000, 10211121216.000000
T12C13__mpe, activeCycle, , Accumulator, 34684515000, 4, 1580000, 1580000, 1580000, 1, 1, 0, 0, 0, 0
T12C14_ctrl, activeCycleF, , Accumulator, 34684515000, 4, 34684515, 34684515, 34684515, 1, 1, 0, 0, 0, 0
T12C14_ctrl, activeCycleD, , Accumulator, 34684515000, 4, 34141833, 34141833, 34141833, 1, 1, 0, 0, 0, 0
T12C14_ctrl, activeCycleM, , Accumulator, 34684515000, 4, 5823186, 5823186, 5823186, 1, 1, 0, 0, 0, 0
T12C14_ctrl, activeCycleALU, , Accumulator, 34684515000, 4, 23461833, 23461833, 23461833, 1, 1, 0, 0, 0, 0
T12C14_ctrl, activeCycleFPU, , Accumulator, 34684515000, 4, 2860000, 2860000, 2860000, 1, 1, 0, 0, 0, 0
T12C14_acam, energyCAM, , Accumulator, 34684515000, 4, 0, 0, 68423680000, 0, 0, 182860318263.313141, 2424042909454.024902, 0.646400, 87.552000
T12C14_acam, energyDAC, , Accumulator, 34684515000, 4, 0, 0, 1040000, 0, 0, 47983279.331875, 2213841437.864069, 46.137769, 46.137769
T12C14_acam, energySA, , Accumulator, 34684515000, 4, 0, 0, 266240000, 0, 0, 4792319999.999999, 86261759999.999985, 18.000000, 18.000000
T12C14_acam, energyPC, , Accumulator, 34684515000, 4, 0, 0, 266240000, 0, 0, 3924910099.147916, 57861024161.071457, 14.742000, 14.742000
T12C14_acam, energyREG, , Accumulator, 34684515000, 4, 0, 0, 267280001, 0, 0, 12454276424.162323, 104266996510059347968.000000, 8.170000, 10211121216.000000
T12C14__mpe, activeCycle, , Accumulator, 34684515000, 4, 1580000, 1580000, 1580000, 1, 1, 0, 0, 0, 0
T12C15_ctrl, activeCycleF, , Accumulator, 34684515000, 4, 34684515, 34684515, 34684515, 1, 1, 0, 0, 0, 0
T12C15_ctrl, activeCycleD, , Accumulator, 34684515000, 4, 34141833, 34141833, 34141833, 1, 1, 0, 0, 0, 0
T12C15_ctrl, activeCycleM, , Accumulator, 34684515000, 4, 5823186, 5823186, 5823186, 1, 1, 0, 0, 0, 0
T12C15_ctrl, activeCycleALU, , Accumulator, 34684515000, 4, 23461833, 23461833, 23461833, 1, 1, 0, 0, 0, 0
T12C15_ctrl, activeCycleFPU, , Accumulator, 34684515000, 4, 2860000, 2860000, 2860000, 1, 1, 0, 0, 0, 0
T12C15_acam, energyCAM, , Accumulator, 34684515000, 4, 0, 0, 68423680000, 0, 0, 182856684215.533905, 2424817934993.095703, 0.646400, 87.552000
T12C15_acam, energyDAC, , Accumulator, 34684515000, 4, 0, 0, 1040000, 0, 0, 47983279.331875, 2213841437.864069, 46.137769, 46.137769
T12C15_acam, energySA, , Accumulator, 34684515000, 4, 0, 0, 266240000, 0, 0, 4792319999.999999, 86261759999.999985, 18.000000, 18.000000
T12C15_acam, energyPC, , Accumulator, 34684515000, 4, 0, 0, 266240000, 0, 0, 3924910099.147916, 57861024161.071457, 14.742000, 14.742000
T12C15_acam, energyREG, , Accumulator, 34684515000, 4, 0, 0, 267280001, 0, 0, 12454276424.162323, 104266996510059347968.000000, 8.170000, 10211121216.000000
T12C15__mpe, activeCycle, , Accumulator, 34684515000, 4, 1580000, 1580000, 1580000, 1, 1, 0, 0, 0, 0
T13_ctrl, activeCycleF, , Accumulator, 34684515000, 4, 34684515, 34684515, 34684515, 1, 1, 0, 0, 0, 0
T13_ctrl, activeCycleD, , Accumulator, 34684515000, 4, 28071834, 28071834, 28071834, 1, 1, 0, 0, 0, 0
T13_ctrl, activeCycleM, , Accumulator, 34684515000, 4, 15463086, 23783086, 11303086, 1, 2, 0, 0, 0, 0
T13_ctrl, activeCycleALU, , Accumulator, 34684515000, 4, 27801733, 27801733, 27801733, 1, 1, 0, 0, 0, 0
T13_ctrl, activeCycleFPU, , Accumulator, 34684515000, 4, 0, 0, 0, 0, 0, 0, 0, 0, 0
T13C00_ctrl, activeCycleF, , Accumulator, 34684515000, 4, 34684515, 34684515, 34684515, 1, 1, 0, 0, 0, 0
T13C00_ctrl, activeCycleD, , Accumulator, 34684515000, 4, 34141833, 34141833, 34141833, 1, 1, 0, 0, 0, 0
T13C00_ctrl, activeCycleM, , Accumulator, 34684515000, 4, 5823186, 5823186, 5823186, 1, 1, 0, 0, 0, 0
T13C00_ctrl, activeCycleALU, , Accumulator, 34684515000, 4, 23461833, 23461833, 23461833, 1, 1, 0, 0, 0, 0
T13C00_ctrl, activeCycleFPU, , Accumulator, 34684515000, 4, 2860000, 2860000, 2860000, 1, 1, 0, 0, 0, 0
T13C00_acam, energyCAM, , Accumulator, 34684515000, 4, 0, 0, 68423680000, 0, 0, 183228168836.199371, 2425302015141.418945, 0.646400, 87.552000
T13C00_acam, energyDAC, , Accumulator, 34684515000, 4, 0, 0, 1040000, 0, 0, 47983279.331875, 2213841437.864069, 46.137769, 46.137769
T13C00_acam, energySA, , Accumulator, 34684515000, 4, 0, 0, 266240000, 0, 0, 4792319999.999999, 86261759999.999985, 18.000000, 18.000000
T13C00_acam, energyPC, , Accumulator, 34684515000, 4, 0, 0, 266240000, 0, 0, 3924910099.147916, 57861024161.071457, 14.742000, 14.742000
T13C00_acam, energyREG, , Accumulator, 34684515000, 4, 0, 0, 267280001, 0, 0, 12454276424.162323, 104266996510059347968.000000, 8.170000, 10211121216.000000
T13C00__mpe, activeCycle, , Accumulator, 34684515000, 4, 1580000, 1580000, 1580000, 1, 1, 0, 0, 0, 0
T13C01_ctrl, activeCycleF, , Accumulator, 34684515000, 4, 34684515, 34684515, 34684515, 1, 1, 0, 0, 0, 0
T13C01_ctrl, activeCycleD, , Accumulator, 34684515000, 4, 34141833, 34141833, 34141833, 1, 1, 0, 0, 0, 0
T13C01_ctrl, activeCycleM, , Accumulator, 34684515000, 4, 5823186, 5823186, 5823186, 1, 1, 0, 0, 0, 0
T13C01_ctrl, activeCycleALU, , Accumulator, 34684515000, 4, 23461833, 23461833, 23461833, 1, 1, 0, 0, 0, 0
T13C01_ctrl, activeCycleFPU, , Accumulator, 34684515000, 4, 2860000, 2860000, 2860000, 1, 1, 0, 0, 0, 0
T13C01_acam, energyCAM, , Accumulator, 34684515000, 4, 0, 0, 68423680000, 0, 0, 182533122153.221497, 2421362978905.027344, 0.646400, 87.552000
T13C01_acam, energyDAC, , Accumulator, 34684515000, 4, 0, 0, 1040000, 0, 0, 47983279.331875, 2213841437.864069, 46.137769, 46.137769
T13C01_acam, energySA, , Accumulator, 34684515000, 4, 0, 0, 266240000, 0, 0, 4792319999.999999, 86261759999.999985, 18.000000, 18.000000
T13C01_acam, energyPC, , Accumulator, 34684515000, 4, 0, 0, 266240000, 0, 0, 3924910099.147916, 57861024161.071457, 14.742000, 14.742000
T13C01_acam, energyREG, , Accumulator, 34684515000, 4, 0, 0, 267280001, 0, 0, 12454276424.162323, 104266996510059347968.000000, 8.170000, 10211121216.000000
T13C01__mpe, activeCycle, , Accumulator, 34684515000, 4, 1580000, 1580000, 1580000, 1, 1, 0, 0, 0, 0
T13C02_ctrl, activeCycleF, , Accumulator, 34684515000, 4, 34684515, 34684515, 34684515, 1, 1, 0, 0, 0, 0
T13C02_ctrl, activeCycleD, , Accumulator, 34684515000, 4, 34141833, 34141833, 34141833, 1, 1, 0, 0, 0, 0
T13C02_ctrl, activeCycleM, , Accumulator, 34684515000, 4, 5823186, 5823186, 5823186, 1, 1, 0, 0, 0, 0
T13C02_ctrl, activeCycleALU, , Accumulator, 34684515000, 4, 23461833, 23461833, 23461833, 1, 1, 0, 0, 0, 0
T13C02_ctrl, activeCycleFPU, , Accumulator, 34684515000, 4, 2860000, 2860000, 2860000, 1, 1, 0, 0, 0, 0
T13C02_acam, energyCAM, , Accumulator, 34684515000, 4, 0, 0, 68423680000, 0, 0, 183199801209.748932, 2425898283495.040527, 0.646400, 87.552000
T13C02_acam, energyDAC, , Accumulator, 34684515000, 4, 0, 0, 1040000, 0, 0, 47983279.331875, 2213841437.864069, 46.137769, 46.137769
T13C02_acam, energySA, , Accumulator, 34684515000, 4, 0, 0, 266240000, 0, 0, 4792319999.999999, 86261759999.999985, 18.000000, 18.000000
T13C02_acam, energyPC, , Accumulator, 34684515000, 4, 0, 0, 266240000, 0, 0, 3924910099.147916, 57861024161.071457, 14.742000, 14.742000
T13C02_acam, energyREG, , Accumulator, 34684515000, 4, 0, 0, 267280001, 0, 0, 12454276424.162323, 104266996510059347968.000000, 8.170000, 10211121216.000000
T13C02__mpe, activeCycle, , Accumulator, 34684515000, 4, 1580000, 1580000, 1580000, 1, 1, 0, 0, 0, 0
T13C03_ctrl, activeCycleF, , Accumulator, 34684515000, 4, 34684515, 34684515, 34684515, 1, 1, 0, 0, 0, 0
T13C03_ctrl, activeCycleD, , Accumulator, 34684515000, 4, 34141833, 34141833, 34141833, 1, 1, 0, 0, 0, 0
T13C03_ctrl, activeCycleM, , Accumulator, 34684515000, 4, 5823186, 5823186, 5823186, 1, 1, 0, 0, 0, 0
T13C03_ctrl, activeCycleALU, , Accumulator, 34684515000, 4, 23461833, 23461833, 23461833, 1, 1, 0, 0, 0, 0
T13C03_ctrl, activeCycleFPU, , Accumulator, 34684515000, 4, 2860000, 2860000, 2860000, 1, 1, 0, 0, 0, 0
T13C03_acam, energyCAM, , Accumulator, 34684515000, 4, 0, 0, 68423680000, 0, 0, 182661303922.790466, 2423577868947.017090, 0.646400, 87.552000
T13C03_acam, energyDAC, , Accumulator, 34684515000, 4, 0, 0, 1040000, 0, 0, 47983279.331875, 2213841437.864069, 46.137769, 46.137769
T13C03_acam, energySA, , Accumulator, 34684515000, 4, 0, 0, 266240000, 0, 0, 4792319999.999999, 86261759999.999985, 18.000000, 18.000000
T13C03_acam, energyPC, , Accumulator, 34684515000, 4, 0, 0, 266240000, 0, 0, 3924910099.147916, 57861024161.071457, 14.742000, 14.742000
T13C03_acam, energyREG, , Accumulator, 34684515000, 4, 0, 0, 267280001, 0, 0, 12454276424.162323, 104266996510059347968.000000, 8.170000, 10211121216.000000
T13C03__mpe, activeCycle, , Accumulator, 34684515000, 4, 1580000, 1580000, 1580000, 1, 1, 0, 0, 0, 0
T13C04_ctrl, activeCycleF, , Accumulator, 34684515000, 4, 34684515, 34684515, 34684515, 1, 1, 0, 0, 0, 0
T13C04_ctrl, activeCycleD, , Accumulator, 34684515000, 4, 34141833, 34141833, 34141833, 1, 1, 0, 0, 0, 0
T13C04_ctrl, activeCycleM, , Accumulator, 34684515000, 4, 5823186, 5823186, 5823186, 1, 1, 0, 0, 0, 0
T13C04_ctrl, activeCycleALU, , Accumulator, 34684515000, 4, 23461833, 23461833, 23461833, 1, 1, 0, 0, 0, 0
T13C04_ctrl, activeCycleFPU, , Accumulator, 34684515000, 4, 2860000, 2860000, 2860000, 1, 1, 0, 0, 0, 0
T13C04_acam, energyCAM, , Accumulator, 34684515000, 4, 0, 0, 68423680000, 0, 0, 183033121371.902496, 2425049735099.425781, 0.646400, 87.552000
T13C04_acam, energyDAC, , Accumulator, 34684515000, 4, 0, 0, 1040000, 0, 0, 47983279.331875, 2213841437.864069, 46.137769, 46.137769
T13C04_acam, energySA, , Accumulator, 34684515000, 4, 0, 0, 266240000, 0, 0, 4792319999.999999, 86261759999.999985, 18.000000, 18.000000
T13C04_acam, energyPC, , Accumulator, 34684515000, 4, 0, 0, 266240000, 0, 0, 3924910099.147916, 57861024161.071457, 14.742000, 14.742000
T13C04_acam, energyREG, , Accumulator, 34684515000, 4, 0, 0, 267280001, 0, 0, 12454276424.162323, 104266996510059347968.000000, 8.170000, 10211121216.000000
T13C04__mpe, activeCycle, , Accumulator, 34684515000, 4, 1580000, 1580000, 1580000, 1, 1, 0, 0, 0, 0
T13C05_ctrl, activeCycleF, , Accumulator, 34684515000, 4, 34684515, 34684515, 34684515, 1, 1, 0, 0, 0, 0
T13C05_ctrl, activeCycleD, , Accumulator, 34684515000, 4, 34141833, 34141833, 34141833, 1, 1, 0, 0, 0, 0
T13C05_ctrl, activeCycleM, , Accumulator, 34684515000, 4, 5823186, 5823186, 5823186, 1, 1, 0, 0, 0, 0
T13C05_ctrl, activeCycleALU, , Accumulator, 34684515000, 4, 23461833, 23461833, 23461833, 1, 1, 0, 0, 0, 0
T13C05_ctrl, activeCycleFPU, , Accumulator, 34684515000, 4, 2860000, 2860000, 2860000, 1, 1, 0, 0, 0, 0
T13C05_acam, energyCAM, , Accumulator, 34684515000, 4, 0, 0, 68423680000, 0, 0, 183057841747.855896, 2424776541124.103516, 0.646400, 87.552000
T13C05_acam, energyDAC, , Accumulator, 34684515000, 4, 0, 0, 1040000, 0, 0, 47983279.331875, 2213841437.864069, 46.137769, 46.137769
T13C05_acam, energySA, , Accumulator, 34684515000, 4, 0, 0, 266240000, 0, 0, 4792319999.999999, 86261759999.999985, 18.000000, 18.000000
T13C05_acam, energyPC, , Accumulator, 34684515000, 4, 0, 0, 266240000, 0, 0, 3924910099.147916, 57861024161.071457, 14.742000, 14.742000
T13C05_acam, energyREG, , Accumulator, 34684515000, 4, 0, 0, 267280001, 0, 0, 12454276424.162323, 104266996510059347968.000000, 8.170000, 10211121216.000000
T13C05__mpe, activeCycle, , Accumulator, 34684515000, 4, 1580000, 1580000, 1580000, 1, 1, 0, 0, 0, 0
T13C06_ctrl, activeCycleF, , Accumulator, 34684515000, 4, 34684515, 34684515, 34684515, 1, 1, 0, 0, 0, 0
T13C06_ctrl, activeCycleD, , Accumulator, 34684515000, 4, 34141833, 34141833, 34141833, 1, 1, 0, 0, 0, 0
T13C06_ctrl, activeCycleM, , Accumulator, 34684515000, 4, 5823186, 5823186, 5823186, 1, 1, 0, 0, 0, 0
T13C06_ctrl, activeCycleALU, , Accumulator, 34684515000, 4, 23461833, 23461833, 23461833, 1, 1, 0, 0, 0, 0
T13C06_ctrl, activeCycleFPU, , Accumulator, 34684515000, 4, 2860000, 2860000, 2860000, 1, 1, 0, 0, 0, 0
T13C06_acam, energyCAM, , Accumulator, 34684515000, 4, 0, 0, 68423680000, 0, 0, 182999601502.867493, 2424066471743.088379, 0.646400, 87.552000
T13C06_acam, energyDAC, , Accumulator, 34684515000, 4, 0, 0, 1040000, 0, 0, 47983279.331875, 2213841437.864069, 46.137769, 46.137769
T13C06_acam, energySA, , Accumulator, 34684515000, 4, 0, 0, 266240000, 0, 0, 4792319999.999999, 86261759999.999985, 18.000000, 18.000000
T13C06_acam, energyPC, , Accumulator, 34684515000, 4, 0, 0, 266240000, 0, 0, 3924910099.147916, 57861024161.071457, 14.742000, 14.742000
T13C06_acam, energyREG, , Accumulator, 34684515000, 4, 0, 0, 267280001, 0, 0, 12454276424.162323, 104266996510059347968.000000, 8.170000, 10211121216.000000
T13C06__mpe, activeCycle, , Accumulator, 34684515000, 4, 1580000, 1580000, 1580000, 1, 1, 0, 0, 0, 0
T13C07_ctrl, activeCycleF, , Accumulator, 34684515000, 4, 34684515, 34684515, 34684515, 1, 1, 0, 0, 0, 0
T13C07_ctrl, activeCycleD, , Accumulator, 34684515000, 4, 34141833, 34141833, 34141833, 1, 1, 0, 0, 0, 0
T13C07_ctrl, activeCycleM, , Accumulator, 34684515000, 4, 5823186, 5823186, 5823186, 1, 1, 0, 0, 0, 0
T13C07_ctrl, activeCycleALU, , Accumulator, 34684515000, 4, 23461833, 23461833, 23461833, 1, 1, 0, 0, 0, 0
T13C07_ctrl, activeCycleFPU, , Accumulator, 34684515000, 4, 2860000, 2860000, 2860000, 1, 1, 0, 0, 0, 0
T13C07_acam, energyCAM, , Accumulator, 34684515000, 4, 0, 0, 68423680000, 0, 0, 182850280836.939850, 2423819602099.460938, 0.646400, 87.552000
T13C07_acam, energyDAC, , Accumulator, 34684515000, 4, 0, 0, 1040000, 0, 0, 47983279.331875, 2213841437.864069, 46.137769, 46.137769
T13C07_acam, energySA, , Accumulator, 34684515000, 4, 0, 0, 266240000, 0, 0, 4792319999.999999, 86261759999.999985, 18.000000, 18.000000
T13C07_acam, energyPC, , Accumulator, 34684515000, 4, 0, 0, 266240000, 0, 0, 3924910099.147916, 57861024161.071457, 14.742000, 14.742000
T13C07_acam, energyREG, , Accumulator, 34684515000, 4, 0, 0, 267280001, 0, 0, 12454276424.162323, 104266996510059347968.000000, 8.170000, 10211121216.000000
T13C07__mpe, activeCycle, , Accumulator, 34684515000, 4, 1580000, 1580000, 1580000, 1, 1, 0, 0, 0, 0
T13C08_ctrl, activeCycleF, , Accumulator, 34684515000, 4, 34684515, 34684515, 34684515, 1, 1, 0, 0, 0, 0
T13C08_ctrl, activeCycleD, , Accumulator, 34684515000, 4, 34141833, 34141833, 34141833, 1, 1, 0, 0, 0, 0
T13C08_ctrl, activeCycleM, , Accumulator, 34684515000, 4, 5823186, 5823186, 5823186, 1, 1, 0, 0, 0, 0
T13C08_ctrl, activeCycleALU, , Accumulator, 34684515000, 4, 23461833, 23461833, 23461833, 1, 1, 0, 0, 0, 0
T13C08_ctrl, activeCycleFPU, , Accumulator, 34684515000, 4, 2860000, 2860000, 2860000, 1, 1, 0, 0, 0, 0
T13C08_acam, energyCAM, , Accumulator, 34684515000, 4, 0, 0, 68423680000, 0, 0, 182647312796.435699, 2422887353563.985352, 0.646400, 87.552000
T13C08_acam, energyDAC, , Accumulator, 34684515000, 4, 0, 0, 1040000, 0, 0, 47983279.331875, 2213841437.864069, 46.137769, 46.137769
T13C08_acam, energySA, , Accumulator, 34684515000, 4, 0, 0, 266240000, 0, 0, 4792319999.999999, 86261759999.999985, 18.000000, 18.000000
T13C08_acam, energyPC, , Accumulator, 34684515000, 4, 0, 0, 266240000, 0, 0, 3924910099.147916, 57861024161.071457, 14.742000, 14.742000
T13C08_acam, energyREG, , Accumulator, 34684515000, 4, 0, 0, 267280001, 0, 0, 12454276424.162323, 104266996510059347968.000000, 8.170000, 10211121216.000000
T13C08__mpe, activeCycle, , Accumulator, 34684515000, 4, 1580000, 1580000, 1580000, 1, 1, 0, 0, 0, 0
T13C09_ctrl, activeCycleF, , Accumulator, 34684515000, 4, 34684515, 34684515, 34684515, 1, 1, 0, 0, 0, 0
T13C09_ctrl, activeCycleD, , Accumulator, 34684515000, 4, 34141833, 34141833, 34141833, 1, 1, 0, 0, 0, 0
T13C09_ctrl, activeCycleM, , Accumulator, 34684515000, 4, 5823186, 5823186, 5823186, 1, 1, 0, 0, 0, 0
T13C09_ctrl, activeCycleALU, , Accumulator, 34684515000, 4, 23461833, 23461833, 23461833, 1, 1, 0, 0, 0, 0
T13C09_ctrl, activeCycleFPU, , Accumulator, 34684515000, 4, 2860000, 2860000, 2860000, 1, 1, 0, 0, 0, 0
T13C09_acam, energyCAM, , Accumulator, 34684515000, 4, 0, 0, 68423680000, 0, 0, 182843558802.195404, 2424331213611.252441, 0.646400, 87.552000
T13C09_acam, energyDAC, , Accumulator, 34684515000, 4, 0, 0, 1040000, 0, 0, 47983279.331875, 2213841437.864069, 46.137769, 46.137769
T13C09_acam, energySA, , Accumulator, 34684515000, 4, 0, 0, 266240000, 0, 0, 4792319999.999999, 86261759999.999985, 18.000000, 18.000000
T13C09_acam, energyPC, , Accumulator, 34684515000, 4, 0, 0, 266240000, 0, 0, 3924910099.147916, 57861024161.071457, 14.742000, 14.742000
T13C09_acam, energyREG, , Accumulator, 34684515000, 4, 0, 0, 267280001, 0, 0, 12454276424.162323, 104266996510059347968.000000, 8.170000, 10211121216.000000
T13C09__mpe, activeCycle, , Accumulator, 34684515000, 4, 1580000, 1580000, 1580000, 1, 1, 0, 0, 0, 0
T13C10_ctrl, activeCycleF, , Accumulator, 34684515000, 4, 34684515, 34684515, 34684515, 1, 1, 0, 0, 0, 0
T13C10_ctrl, activeCycleD, , Accumulator, 34684515000, 4, 34141833, 34141833, 34141833, 1, 1, 0, 0, 0, 0
T13C10_ctrl, activeCycleM, , Accumulator, 34684515000, 4, 5823186, 5823186, 5823186, 1, 1, 0, 0, 0, 0
T13C10_ctrl, activeCycleALU, , Accumulator, 34684515000, 4, 23461833, 23461833, 23461833, 1, 1, 0, 0, 0, 0
T13C10_ctrl, activeCycleFPU, , Accumulator, 34684515000, 4, 2860000, 2860000, 2860000, 1, 1, 0, 0, 0, 0
T13C10_acam, energyCAM, , Accumulator, 34684515000, 4, 0, 0, 68423680000, 0, 0, 182811236524.754089, 2422841723706.638672, 0.646400, 87.552000
T13C10_acam, energyDAC, , Accumulator, 34684515000, 4, 0, 0, 1040000, 0, 0, 47983279.331875, 2213841437.864069, 46.137769, 46.137769
T13C10_acam, energySA, , Accumulator, 34684515000, 4, 0, 0, 266240000, 0, 0, 4792319999.999999, 86261759999.999985, 18.000000, 18.000000
T13C10_acam, energyPC, , Accumulator, 34684515000, 4, 0, 0, 266240000, 0, 0, 3924910099.147916, 57861024161.071457, 14.742000, 14.742000
T13C10_acam, energyREG, , Accumulator, 34684515000, 4, 0, 0, 267280001, 0, 0, 12454276424.162323, 104266996510059347968.000000, 8.170000, 10211121216.000000
T13C10__mpe, activeCycle, , Accumulator, 34684515000, 4, 1580000, 1580000, 1580000, 1, 1, 0, 0, 0, 0
T13C11_ctrl, activeCycleF, , Accumulator, 34684515000, 4, 34684515, 34684515, 34684515, 1, 1, 0, 0, 0, 0
T13C11_ctrl, activeCycleD, , Accumulator, 34684515000, 4, 34141833, 34141833, 34141833, 1, 1, 0, 0, 0, 0
T13C11_ctrl, activeCycleM, , Accumulator, 34684515000, 4, 5823186, 5823186, 5823186, 1, 1, 0, 0, 0, 0
T13C11_ctrl, activeCycleALU, , Accumulator, 34684515000, 4, 23461833, 23461833, 23461833, 1, 1, 0, 0, 0, 0
T13C11_ctrl, activeCycleFPU, , Accumulator, 34684515000, 4, 2860000, 2860000, 2860000, 1, 1, 0, 0, 0, 0
T13C11_acam, energyCAM, , Accumulator, 34684515000, 4, 0, 0, 68423680000, 0, 0, 183554978626.026825, 2427838819693.248535, 0.646400, 87.552000
T13C11_acam, energyDAC, , Accumulator, 34684515000, 4, 0, 0, 1040000, 0, 0, 47983279.331875, 2213841437.864069, 46.137769, 46.137769
T13C11_acam, energySA, , Accumulator, 34684515000, 4, 0, 0, 266240000, 0, 0, 4792319999.999999, 86261759999.999985, 18.000000, 18.000000
T13C11_acam, energyPC, , Accumulator, 34684515000, 4, 0, 0, 266240000, 0, 0, 3924910099.147916, 57861024161.071457, 14.742000, 14.742000
T13C11_acam, energyREG, , Accumulator, 34684515000, 4, 0, 0, 267280001, 0, 0, 12454276424.162323, 104266996510059347968.000000, 8.170000, 10211121216.000000
T13C11__mpe, activeCycle, , Accumulator, 34684515000, 4, 1580000, 1580000, 1580000, 1, 1, 0, 0, 0, 0
T13C12_ctrl, activeCycleF, , Accumulator, 34684515000, 4, 34684515, 34684515, 34684515, 1, 1, 0, 0, 0, 0
T13C12_ctrl, activeCycleD, , Accumulator, 34684515000, 4, 34141833, 34141833, 34141833, 1, 1, 0, 0, 0, 0
T13C12_ctrl, activeCycleM, , Accumulator, 34684515000, 4, 5823186, 5823186, 5823186, 1, 1, 0, 0, 0, 0
T13C12_ctrl, activeCycleALU, , Accumulator, 34684515000, 4, 23461833, 23461833, 23461833, 1, 1, 0, 0, 0, 0
T13C12_ctrl, activeCycleFPU, , Accumulator, 34684515000, 4, 2860000, 2860000, 2860000, 1, 1, 0, 0, 0, 0
T13C12_acam, energyCAM, , Accumulator, 34684515000, 4, 0, 0, 68423680000, 0, 0, 182937727196.317291, 2424012164995.251465, 0.646400, 87.552000
T13C12_acam, energyDAC, , Accumulator, 34684515000, 4, 0, 0, 1040000, 0, 0, 47983279.331875, 2213841437.864069, 46.137769, 46.137769
T13C12_acam, energySA, , Accumulator, 34684515000, 4, 0, 0, 266240000, 0, 0, 4792319999.999999, 86261759999.999985, 18.000000, 18.000000
T13C12_acam, energyPC, , Accumulator, 34684515000, 4, 0, 0, 266240000, 0, 0, 3924910099.147916, 57861024161.071457, 14.742000, 14.742000
T13C12_acam, energyREG, , Accumulator, 34684515000, 4, 0, 0, 267280001, 0, 0, 12454276424.162323, 104266996510059347968.000000, 8.170000, 10211121216.000000
T13C12__mpe, activeCycle, , Accumulator, 34684515000, 4, 1580000, 1580000, 1580000, 1, 1, 0, 0, 0, 0
T13C13_ctrl, activeCycleF, , Accumulator, 34684515000, 4, 34684515, 34684515, 34684515, 1, 1, 0, 0, 0, 0
T13C13_ctrl, activeCycleD, , Accumulator, 34684515000, 4, 34141833, 34141833, 34141833, 1, 1, 0, 0, 0, 0
T13C13_ctrl, activeCycleM, , Accumulator, 34684515000, 4, 5823186, 5823186, 5823186, 1, 1, 0, 0, 0, 0
T13C13_ctrl, activeCycleALU, , Accumulator, 34684515000, 4, 23461833, 23461833, 23461833, 1, 1, 0, 0, 0, 0
T13C13_ctrl, activeCycleFPU, , Accumulator, 34684515000, 4, 2860000, 2860000, 2860000, 1, 1, 0, 0, 0, 0
T13C13_acam, energyCAM, , Accumulator, 34684515000, 4, 0, 0, 68423680000, 0, 0, 183194569127.669952, 2425334682732.223633, 0.646400, 87.552000
T13C13_acam, energyDAC, , Accumulator, 34684515000, 4, 0, 0, 1040000, 0, 0, 47983279.331875, 2213841437.864069, 46.137769, 46.137769
T13C13_acam, energySA, , Accumulator, 34684515000, 4, 0, 0, 266240000, 0, 0, 4792319999.999999, 86261759999.999985, 18.000000, 18.000000
T13C13_acam, energyPC, , Accumulator, 34684515000, 4, 0, 0, 266240000, 0, 0, 3924910099.147916, 57861024161.071457, 14.742000, 14.742000
T13C13_acam, energyREG, , Accumulator, 34684515000, 4, 0, 0, 267280001, 0, 0, 12454276424.162323, 104266996510059347968.000000, 8.170000, 10211121216.000000
T13C13__mpe, activeCycle, , Accumulator, 34684515000, 4, 1580000, 1580000, 1580000, 1, 1, 0, 0, 0, 0
T13C14_ctrl, activeCycleF, , Accumulator, 34684515000, 4, 34684515, 34684515, 34684515, 1, 1, 0, 0, 0, 0
T13C14_ctrl, activeCycleD, , Accumulator, 34684515000, 4, 34141833, 34141833, 34141833, 1, 1, 0, 0, 0, 0
T13C14_ctrl, activeCycleM, , Accumulator, 34684515000, 4, 5823186, 5823186, 5823186, 1, 1, 0, 0, 0, 0
T13C14_ctrl, activeCycleALU, , Accumulator, 34684515000, 4, 23461833, 23461833, 23461833, 1, 1, 0, 0, 0, 0
T13C14_ctrl, activeCycleFPU, , Accumulator, 34684515000, 4, 2860000, 2860000, 2860000, 1, 1, 0, 0, 0, 0
T13C14_acam, energyCAM, , Accumulator, 34684515000, 4, 0, 0, 68423680000, 0, 0, 182911329820.497528, 2424217299851.674316, 0.646400, 87.552000
T13C14_acam, energyDAC, , Accumulator, 34684515000, 4, 0, 0, 1040000, 0, 0, 47983279.331875, 2213841437.864069, 46.137769, 46.137769
T13C14_acam, energySA, , Accumulator, 34684515000, 4, 0, 0, 266240000, 0, 0, 4792319999.999999, 86261759999.999985, 18.000000, 18.000000
T13C14_acam, energyPC, , Accumulator, 34684515000, 4, 0, 0, 266240000, 0, 0, 3924910099.147916, 57861024161.071457, 14.742000, 14.742000
T13C14_acam, energyREG, , Accumulator, 34684515000, 4, 0, 0, 267280001, 0, 0, 12454276424.162323, 104266996510059347968.000000, 8.170000, 10211121216.000000
T13C14__mpe, activeCycle, , Accumulator, 34684515000, 4, 1580000, 1580000, 1580000, 1, 1, 0, 0, 0, 0
T13C15_ctrl, activeCycleF, , Accumulator, 34684515000, 4, 34684515, 34684515, 34684515, 1, 1, 0, 0, 0, 0
T13C15_ctrl, activeCycleD, , Accumulator, 34684515000, 4, 34141833, 34141833, 34141833, 1, 1, 0, 0, 0, 0
T13C15_ctrl, activeCycleM, , Accumulator, 34684515000, 4, 5823186, 5823186, 5823186, 1, 1, 0, 0, 0, 0
T13C15_ctrl, activeCycleALU, , Accumulator, 34684515000, 4, 23461833, 23461833, 23461833, 1, 1, 0, 0, 0, 0
T13C15_ctrl, activeCycleFPU, , Accumulator, 34684515000, 4, 2860000, 2860000, 2860000, 1, 1, 0, 0, 0, 0
T13C15_acam, energyCAM, , Accumulator, 34684515000, 4, 0, 0, 68423680000, 0, 0, 183136728405.772308, 2425140168059.230469, 0.646400, 87.552000
T13C15_acam, energyDAC, , Accumulator, 34684515000, 4, 0, 0, 1040000, 0, 0, 47983279.331875, 2213841437.864069, 46.137769, 46.137769
T13C15_acam, energySA, , Accumulator, 34684515000, 4, 0, 0, 266240000, 0, 0, 4792319999.999999, 86261759999.999985, 18.000000, 18.000000
T13C15_acam, energyPC, , Accumulator, 34684515000, 4, 0, 0, 266240000, 0, 0, 3924910099.147916, 57861024161.071457, 14.742000, 14.742000
T13C15_acam, energyREG, , Accumulator, 34684515000, 4, 0, 0, 267280001, 0, 0, 12454276424.162323, 104266996510059347968.000000, 8.170000, 10211121216.000000
T13C15__mpe, activeCycle, , Accumulator, 34684515000, 4, 1580000, 1580000, 1580000, 1, 1, 0, 0, 0, 0
T14_ctrl, activeCycleF, , Accumulator, 34684515000, 4, 34684515, 34684515, 34684515, 1, 1, 0, 0, 0, 0
T14_ctrl, activeCycleD, , Accumulator, 34684515000, 4, 28071834, 28071834, 28071834, 1, 1, 0, 0, 0, 0
T14_ctrl, activeCycleM, , Accumulator, 34684515000, 4, 15463086, 23783086, 11303086, 1, 2, 0, 0, 0, 0
T14_ctrl, activeCycleALU, , Accumulator, 34684515000, 4, 27801733, 27801733, 27801733, 1, 1, 0, 0, 0, 0
T14_ctrl, activeCycleFPU, , Accumulator, 34684515000, 4, 0, 0, 0, 0, 0, 0, 0, 0, 0
T14C00_ctrl, activeCycleF, , Accumulator, 34684515000, 4, 34684515, 34684515, 34684515, 1, 1, 0, 0, 0, 0
T14C00_ctrl, activeCycleD, , Accumulator, 34684515000, 4, 34141833, 34141833, 34141833, 1, 1, 0, 0, 0, 0
T14C00_ctrl, activeCycleM, , Accumulator, 34684515000, 4, 5823186, 5823186, 5823186, 1, 1, 0, 0, 0, 0
T14C00_ctrl, activeCycleALU, , Accumulator, 34684515000, 4, 23461833, 23461833, 23461833, 1, 1, 0, 0, 0, 0
T14C00_ctrl, activeCycleFPU, , Accumulator, 34684515000, 4, 2860000, 2860000, 2860000, 1, 1, 0, 0, 0, 0
T14C00_acam, energyCAM, , Accumulator, 34684515000, 4, 0, 0, 68423680000, 0, 0, 183005672138.462189, 2425389078374.762695, 0.646400, 87.552000
T14C00_acam, energyDAC, , Accumulator, 34684515000, 4, 0, 0, 1040000, 0, 0, 47983279.331875, 2213841437.864069, 46.137769, 46.137769
T14C00_acam, energySA, , Accumulator, 34684515000, 4, 0, 0, 266240000, 0, 0, 4792319999.999999, 86261759999.999985, 18.000000, 18.000000
T14C00_acam, energyPC, , Accumulator, 34684515000, 4, 0, 0, 266240000, 0, 0, 3924910099.147916, 57861024161.071457, 14.742000, 14.742000
T14C00_acam, energyREG, , Accumulator, 34684515000, 4, 0, 0, 267280001, 0, 0, 12454276424.162323, 104266996510059347968.000000, 8.170000, 10211121216.000000
T14C00__mpe, activeCycle, , Accumulator, 34684515000, 4, 1580000, 1580000, 1580000, 1, 1, 0, 0, 0, 0
T14C01_ctrl, activeCycleF, , Accumulator, 34684515000, 4, 34684515, 34684515, 34684515, 1, 1, 0, 0, 0, 0
T14C01_ctrl, activeCycleD, , Accumulator, 34684515000, 4, 34141833, 34141833, 34141833, 1, 1, 0, 0, 0, 0
T14C01_ctrl, activeCycleM, , Accumulator, 34684515000, 4, 5823186, 5823186, 5823186, 1, 1, 0, 0, 0, 0
T14C01_ctrl, activeCycleALU, , Accumulator, 34684515000, 4, 23461833, 23461833, 23461833, 1, 1, 0, 0, 0, 0
T14C01_ctrl, activeCycleFPU, , Accumulator, 34684515000, 4, 2860000, 2860000, 2860000, 1, 1, 0, 0, 0, 0
T14C01_acam, energyCAM, , Accumulator, 34684515000, 4, 0, 0, 68423680000, 0, 0, 183008148091.795166, 2424717660700.412109, 0.646400, 87.552000
T14C01_acam, energyDAC, , Accumulator, 34684515000, 4, 0, 0, 1040000, 0, 0, 47983279.331875, 2213841437.864069, 46.137769, 46.137769
T14C01_acam, energySA, , Accumulator, 34684515000, 4, 0, 0, 266240000, 0, 0, 4792319999.999999, 86261759999.999985, 18.000000, 18.000000
T14C01_acam, energyPC, , Accumulator, 34684515000, 4, 0, 0, 266240000, 0, 0, 3924910099.147916, 57861024161.071457, 14.742000, 14.742000
T14C01_acam, energyREG, , Accumulator, 34684515000, 4, 0, 0, 267280001, 0, 0, 12454276424.162323, 104266996510059347968.000000, 8.170000, 10211121216.000000
T14C01__mpe, activeCycle, , Accumulator, 34684515000, 4, 1580000, 1580000, 1580000, 1, 1, 0, 0, 0, 0
T14C02_ctrl, activeCycleF, , Accumulator, 34684515000, 4, 34684515, 34684515, 34684515, 1, 1, 0, 0, 0, 0
T14C02_ctrl, activeCycleD, , Accumulator, 34684515000, 4, 34141833, 34141833, 34141833, 1, 1, 0, 0, 0, 0
T14C02_ctrl, activeCycleM, , Accumulator, 34684515000, 4, 5823186, 5823186, 5823186, 1, 1, 0, 0, 0, 0
T14C02_ctrl, activeCycleALU, , Accumulator, 34684515000, 4, 23461833, 23461833, 23461833, 1, 1, 0, 0, 0, 0
T14C02_ctrl, activeCycleFPU, , Accumulator, 34684515000, 4, 2860000, 2860000, 2860000, 1, 1, 0, 0, 0, 0
T14C02_acam, energyCAM, , Accumulator, 34684515000, 4, 0, 0, 68423680000, 0, 0, 182941734463.927582, 2424431494600.224609, 0.646400, 87.552000
T14C02_acam, energyDAC, , Accumulator, 34684515000, 4, 0, 0, 1040000, 0, 0, 47983279.331875, 2213841437.864069, 46.137769, 46.137769
T14C02_acam, energySA, , Accumulator, 34684515000, 4, 0, 0, 266240000, 0, 0, 4792319999.999999, 86261759999.999985, 18.000000, 18.000000
T14C02_acam, energyPC, , Accumulator, 34684515000, 4, 0, 0, 266240000, 0, 0, 3924910099.147916, 57861024161.071457, 14.742000, 14.742000
T14C02_acam, energyREG, , Accumulator, 34684515000, 4, 0, 0, 267280001, 0, 0, 12454276424.162323, 104266996510059347968.000000, 8.170000, 10211121216.000000
T14C02__mpe, activeCycle, , Accumulator, 34684515000, 4, 1580000, 1580000, 1580000, 1, 1, 0, 0, 0, 0
T14C03_ctrl, activeCycleF, , Accumulator, 34684515000, 4, 34684515, 34684515, 34684515, 1, 1, 0, 0, 0, 0
T14C03_ctrl, activeCycleD, , Accumulator, 34684515000, 4, 34141833, 34141833, 34141833, 1, 1, 0, 0, 0, 0
T14C03_ctrl, activeCycleM, , Accumulator, 34684515000, 4, 5823186, 5823186, 5823186, 1, 1, 0, 0, 0, 0
T14C03_ctrl, activeCycleALU, , Accumulator, 34684515000, 4, 23461833, 23461833, 23461833, 1, 1, 0, 0, 0, 0
T14C03_ctrl, activeCycleFPU, , Accumulator, 34684515000, 4, 2860000, 2860000, 2860000, 1, 1, 0, 0, 0, 0
T14C03_acam, energyCAM, , Accumulator, 34684515000, 4, 0, 0, 68423680000, 0, 0, 182783121787.282715, 2423699939995.785156, 0.646400, 87.552000
T14C03_acam, energyDAC, , Accumulator, 34684515000, 4, 0, 0, 1040000, 0, 0, 47983279.331875, 2213841437.864069, 46.137769, 46.137769
T14C03_acam, energySA, , Accumulator, 34684515000, 4, 0, 0, 266240000, 0, 0, 4792319999.999999, 86261759999.999985, 18.000000, 18.000000
T14C03_acam, energyPC, , Accumulator, 34684515000, 4, 0, 0, 266240000, 0, 0, 3924910099.147916, 57861024161.071457, 14.742000, 14.742000
T14C03_acam, energyREG, , Accumulator, 34684515000, 4, 0, 0, 267280001, 0, 0, 12454276424.162323, 104266996510059347968.000000, 8.170000, 10211121216.000000
T14C03__mpe, activeCycle, , Accumulator, 34684515000, 4, 1580000, 1580000, 1580000, 1, 1, 0, 0, 0, 0
T14C04_ctrl, activeCycleF, , Accumulator, 34684515000, 4, 34684515, 34684515, 34684515, 1, 1, 0, 0, 0, 0
T14C04_ctrl, activeCycleD, , Accumulator, 34684515000, 4, 34141833, 34141833, 34141833, 1, 1, 0, 0, 0, 0
T14C04_ctrl, activeCycleM, , Accumulator, 34684515000, 4, 5823186, 5823186, 5823186, 1, 1, 0, 0, 0, 0
T14C04_ctrl, activeCycleALU, , Accumulator, 34684515000, 4, 23461833, 23461833, 23461833, 1, 1, 0, 0, 0, 0
T14C04_ctrl, activeCycleFPU, , Accumulator, 34684515000, 4, 2860000, 2860000, 2860000, 1, 1, 0, 0, 0, 0
T14C04_acam, energyCAM, , Accumulator, 34684515000, 4, 0, 0, 68423680000, 0, 0, 182920821099.822449, 2423811286435.586426, 0.646400, 87.552000
T14C04_acam, energyDAC, , Accumulator, 34684515000, 4, 0, 0, 1040000, 0, 0, 47983279.331875, 2213841437.864069, 46.137769, 46.137769
T14C04_acam, energySA, , Accumulator, 34684515000, 4, 0, 0, 266240000, 0, 0, 4792319999.999999, 86261759999.999985, 18.000000, 18.000000
T14C04_acam, energyPC, , Accumulator, 34684515000, 4, 0, 0, 266240000, 0, 0, 3924910099.147916, 57861024161.071457, 14.742000, 14.742000
T14C04_acam, energyREG, , Accumulator, 34684515000, 4, 0, 0, 267280001, 0, 0, 12454276424.162323, 104266996510059347968.000000, 8.170000, 10211121216.000000
T14C04__mpe, activeCycle, , Accumulator, 34684515000, 4, 1580000, 1580000, 1580000, 1, 1, 0, 0, 0, 0
T14C05_ctrl, activeCycleF, , Accumulator, 34684515000, 4, 34684515, 34684515, 34684515, 1, 1, 0, 0, 0, 0
T14C05_ctrl, activeCycleD, , Accumulator, 34684515000, 4, 34141833, 34141833, 34141833, 1, 1, 0, 0, 0, 0
T14C05_ctrl, activeCycleM, , Accumulator, 34684515000, 4, 5823186, 5823186, 5823186, 1, 1, 0, 0, 0, 0
T14C05_ctrl, activeCycleALU, , Accumulator, 34684515000, 4, 23461833, 23461833, 23461833, 1, 1, 0, 0, 0, 0
T14C05_ctrl, activeCycleFPU, , Accumulator, 34684515000, 4, 2860000, 2860000, 2860000, 1, 1, 0, 0, 0, 0
T14C05_acam, energyCAM, , Accumulator, 34684515000, 4, 0, 0, 68423680000, 0, 0, 182857203087.990753, 2424001020648.532227, 0.646400, 87.552000
T14C05_acam, energyDAC, , Accumulator, 34684515000, 4, 0, 0, 1040000, 0, 0, 47983279.331875, 2213841437.864069, 46.137769, 46.137769
T14C05_acam, energySA, , Accumulator, 34684515000, 4, 0, 0, 266240000, 0, 0, 4792319999.999999, 86261759999.999985, 18.000000, 18.000000
T14C05_acam, energyPC, , Accumulator, 34684515000, 4, 0, 0, 266240000, 0, 0, 3924910099.147916, 57861024161.071457, 14.742000, 14.742000
T14C05_acam, energyREG, , Accumulator, 34684515000, 4, 0, 0, 267280001, 0, 0, 12454276424.162323, 104266996510059347968.000000, 8.170000, 10211121216.000000
T14C05__mpe, activeCycle, , Accumulator, 34684515000, 4, 1580000, 1580000, 1580000, 1, 1, 0, 0, 0, 0
T14C06_ctrl, activeCycleF, , Accumulator, 34684515000, 4, 34684515, 34684515, 34684515, 1, 1, 0, 0, 0, 0
T14C06_ctrl, activeCycleD, , Accumulator, 34684515000, 4, 34141833, 34141833, 34141833, 1, 1, 0, 0, 0, 0
T14C06_ctrl, activeCycleM, , Accumulator, 34684515000, 4, 5823186, 5823186, 5823186, 1, 1, 0, 0, 0, 0
T14C06_ctrl, activeCycleALU, , Accumulator, 34684515000, 4, 23461833, 23461833, 23461833, 1, 1, 0, 0, 0, 0
T14C06_ctrl, activeCycleFPU, , Accumulator, 34684515000, 4, 2860000, 2860000, 2860000, 1, 1, 0, 0, 0, 0
T14C06_acam, energyCAM, , Accumulator, 34684515000, 4, 0, 0, 68423680000, 0, 0, 182430154356.116791, 2422278712628.258789, 0.646400, 87.552000
T14C06_acam, energyDAC, , Accumulator, 34684515000, 4, 0, 0, 1040000, 0, 0, 47983279.331875, 2213841437.864069, 46.137769, 46.137769
T14C06_acam, energySA, , Accumulator, 34684515000, 4, 0, 0, 266240000, 0, 0, 4792319999.999999, 86261759999.999985, 18.000000, 18.000000
T14C06_acam, energyPC, , Accumulator, 34684515000, 4, 0, 0, 266240000, 0, 0, 3924910099.147916, 57861024161.071457, 14.742000, 14.742000
T14C06_acam, energyREG, , Accumulator, 34684515000, 4, 0, 0, 267280001, 0, 0, 12454276424.162323, 104266996510059347968.000000, 8.170000, 10211121216.000000
T14C06__mpe, activeCycle, , Accumulator, 34684515000, 4, 1580000, 1580000, 1580000, 1, 1, 0, 0, 0, 0
T14C07_ctrl, activeCycleF, , Accumulator, 34684515000, 4, 34684515, 34684515, 34684515, 1, 1, 0, 0, 0, 0
T14C07_ctrl, activeCycleD, , Accumulator, 34684515000, 4, 34141833, 34141833, 34141833, 1, 1, 0, 0, 0, 0
T14C07_ctrl, activeCycleM, , Accumulator, 34684515000, 4, 5823186, 5823186, 5823186, 1, 1, 0, 0, 0, 0
T14C07_ctrl, activeCycleALU, , Accumulator, 34684515000, 4, 23461833, 23461833, 23461833, 1, 1, 0, 0, 0, 0
T14C07_ctrl, activeCycleFPU, , Accumulator, 34684515000, 4, 2860000, 2860000, 2860000, 1, 1, 0, 0, 0, 0
T14C07_acam, energyCAM, , Accumulator, 34684515000, 4, 0, 0, 68423680000, 0, 0, 182363261310.253998, 2421390039080.674805, 0.646400, 87.552000
T14C07_acam, energyDAC, , Accumulator, 34684515000, 4, 0, 0, 1040000, 0, 0, 47983279.331875, 2213841437.864069, 46.137769, 46.137769
T14C07_acam, energySA, , Accumulator, 34684515000, 4, 0, 0, 266240000, 0, 0, 4792319999.999999, 86261759999.999985, 18.000000, 18.000000
T14C07_acam, energyPC, , Accumulator, 34684515000, 4, 0, 0, 266240000, 0, 0, 3924910099.147916, 57861024161.071457, 14.742000, 14.742000
T14C07_acam, energyREG, , Accumulator, 34684515000, 4, 0, 0, 267280001, 0, 0, 12454276424.162323, 104266996510059347968.000000, 8.170000, 10211121216.000000
T14C07__mpe, activeCycle, , Accumulator, 34684515000, 4, 1580000, 1580000, 1580000, 1, 1, 0, 0, 0, 0
T14C08_ctrl, activeCycleF, , Accumulator, 34684515000, 4, 34684515, 34684515, 34684515, 1, 1, 0, 0, 0, 0
T14C08_ctrl, activeCycleD, , Accumulator, 34684515000, 4, 34141833, 34141833, 34141833, 1, 1, 0, 0, 0, 0
T14C08_ctrl, activeCycleM, , Accumulator, 34684515000, 4, 5823186, 5823186, 5823186, 1, 1, 0, 0, 0, 0
T14C08_ctrl, activeCycleALU, , Accumulator, 34684515000, 4, 23461833, 23461833, 23461833, 1, 1, 0, 0, 0, 0
T14C08_ctrl, activeCycleFPU, , Accumulator, 34684515000, 4, 2860000, 2860000, 2860000, 1, 1, 0, 0, 0, 0
T14C08_acam, energyCAM, , Accumulator, 34684515000, 4, 0, 0, 68423680000, 0, 0, 182951385557.840332, 2424282699820.263184, 0.646400, 87.552000
T14C08_acam, energyDAC, , Accumulator, 34684515000, 4, 0, 0, 1040000, 0, 0, 47983279.331875, 2213841437.864069, 46.137769, 46.137769
T14C08_acam, energySA, , Accumulator, 34684515000, 4, 0, 0, 266240000, 0, 0, 4792319999.999999, 86261759999.999985, 18.000000, 18.000000
T14C08_acam, energyPC, , Accumulator, 34684515000, 4, 0, 0, 266240000, 0, 0, 3924910099.147916, 57861024161.071457, 14.742000, 14.742000
T14C08_acam, energyREG, , Accumulator, 34684515000, 4, 0, 0, 267280001, 0, 0, 12454276424.162323, 104266996510059347968.000000, 8.170000, 10211121216.000000
T14C08__mpe, activeCycle, , Accumulator, 34684515000, 4, 1580000, 1580000, 1580000, 1, 1, 0, 0, 0, 0
T14C09_ctrl, activeCycleF, , Accumulator, 34684515000, 4, 34684515, 34684515, 34684515, 1, 1, 0, 0, 0, 0
T14C09_ctrl, activeCycleD, , Accumulator, 34684515000, 4, 34141833, 34141833, 34141833, 1, 1, 0, 0, 0, 0
T14C09_ctrl, activeCycleM, , Accumulator, 34684515000, 4, 5823186, 5823186, 5823186, 1, 1, 0, 0, 0, 0
T14C09_ctrl, activeCycleALU, , Accumulator, 34684515000, 4, 23461833, 23461833, 23461833, 1, 1, 0, 0, 0, 0
T14C09_ctrl, activeCycleFPU, , Accumulator, 34684515000, 4, 2860000, 2860000, 2860000, 1, 1, 0, 0, 0, 0
T14C09_acam, energyCAM, , Accumulator, 34684515000, 4, 0, 0, 68423680000, 0, 0, 183243624495.345795, 2426149661765.360840, 0.646400, 87.552000
T14C09_acam, energyDAC, , Accumulator, 34684515000, 4, 0, 0, 1040000, 0, 0, 47983279.331875, 2213841437.864069, 46.137769, 46.137769
T14C09_acam, energySA, , Accumulator, 34684515000, 4, 0, 0, 266240000, 0, 0, 4792319999.999999, 86261759999.999985, 18.000000, 18.000000
T14C09_acam, energyPC, , Accumulator, 34684515000, 4, 0, 0, 266240000, 0, 0, 3924910099.147916, 57861024161.071457, 14.742000, 14.742000
T14C09_acam, energyREG, , Accumulator, 34684515000, 4, 0, 0, 267280001, 0, 0, 12454276424.162323, 104266996510059347968.000000, 8.170000, 10211121216.000000
T14C09__mpe, activeCycle, , Accumulator, 34684515000, 4, 1580000, 1580000, 1580000, 1, 1, 0, 0, 0, 0
T14C10_ctrl, activeCycleF, , Accumulator, 34684515000, 4, 34684515, 34684515, 34684515, 1, 1, 0, 0, 0, 0
T14C10_ctrl, activeCycleD, , Accumulator, 34684515000, 4, 34141833, 34141833, 34141833, 1, 1, 0, 0, 0, 0
T14C10_ctrl, activeCycleM, , Accumulator, 34684515000, 4, 5823186, 5823186, 5823186, 1, 1, 0, 0, 0, 0
T14C10_ctrl, activeCycleALU, , Accumulator, 34684515000, 4, 23461833, 23461833, 23461833, 1, 1, 0, 0, 0, 0
T14C10_ctrl, activeCycleFPU, , Accumulator, 34684515000, 4, 2860000, 2860000, 2860000, 1, 1, 0, 0, 0, 0
T14C10_acam, energyCAM, , Accumulator, 34684515000, 4, 0, 0, 68423680000, 0, 0, 183391014429.826904, 2426286809582.417480, 0.646400, 87.552000
T14C10_acam, energyDAC, , Accumulator, 34684515000, 4, 0, 0, 1040000, 0, 0, 47983279.331875, 2213841437.864069, 46.137769, 46.137769
T14C10_acam, energySA, , Accumulator, 34684515000, 4, 0, 0, 266240000, 0, 0, 4792319999.999999, 86261759999.999985, 18.000000, 18.000000
T14C10_acam, energyPC, , Accumulator, 34684515000, 4, 0, 0, 266240000, 0, 0, 3924910099.147916, 57861024161.071457, 14.742000, 14.742000
T14C10_acam, energyREG, , Accumulator, 34684515000, 4, 0, 0, 267280001, 0, 0, 12454276424.162323, 104266996510059347968.000000, 8.170000, 10211121216.000000
T14C10__mpe, activeCycle, , Accumulator, 34684515000, 4, 1580000, 1580000, 1580000, 1, 1, 0, 0, 0, 0
T14C11_ctrl, activeCycleF, , Accumulator, 34684515000, 4, 34684515, 34684515, 34684515, 1, 1, 0, 0, 0, 0
T14C11_ctrl, activeCycleD, , Accumulator, 34684515000, 4, 34141833, 34141833, 34141833, 1, 1, 0, 0, 0, 0
T14C11_ctrl, activeCycleM, , Accumulator, 34684515000, 4, 5823186, 5823186, 5823186, 1, 1, 0, 0, 0, 0
T14C11_ctrl, activeCycleALU, , Accumulator, 34684515000, 4, 23461833, 23461833, 23461833, 1, 1, 0, 0, 0, 0
T14C11_ctrl, activeCycleFPU, , Accumulator, 34684515000, 4, 2860000, 2860000, 2860000, 1, 1, 0, 0, 0, 0
T14C11_acam, energyCAM, , Accumulator, 34684515000, 4, 0, 0, 68423680000, 0, 0, 182833947187.902985, 2423628763204.868164, 0.646400, 87.552000
T14C11_acam, energyDAC, , Accumulator, 34684515000, 4, 0, 0, 1040000, 0, 0, 47983279.331875, 2213841437.864069, 46.137769, 46.137769
T14C11_acam, energySA, , Accumulator, 34684515000, 4, 0, 0, 266240000, 0, 0, 4792319999.999999, 86261759999.999985, 18.000000, 18.000000
T14C11_acam, energyPC, , Accumulator, 34684515000, 4, 0, 0, 266240000, 0, 0, 3924910099.147916, 57861024161.071457, 14.742000, 14.742000
T14C11_acam, energyREG, , Accumulator, 34684515000, 4, 0, 0, 267280001, 0, 0, 12454276424.162323, 104266996510059347968.000000, 8.170000, 10211121216.000000
T14C11__mpe, activeCycle, , Accumulator, 34684515000, 4, 1580000, 1580000, 1580000, 1, 1, 0, 0, 0, 0
T14C12_ctrl, activeCycleF, , Accumulator, 34684515000, 4, 34684515, 34684515, 34684515, 1, 1, 0, 0, 0, 0
T14C12_ctrl, activeCycleD, , Accumulator, 34684515000, 4, 34141833, 34141833, 34141833, 1, 1, 0, 0, 0, 0
T14C12_ctrl, activeCycleM, , Accumulator, 34684515000, 4, 5823186, 5823186, 5823186, 1, 1, 0, 0, 0, 0
T14C12_ctrl, activeCycleALU, , Accumulator, 34684515000, 4, 23461833, 23461833, 23461833, 1, 1, 0, 0, 0, 0
T14C12_ctrl, activeCycleFPU, , Accumulator, 34684515000, 4, 2860000, 2860000, 2860000, 1, 1, 0, 0, 0, 0
T14C12_acam, energyCAM, , Accumulator, 34684515000, 4, 0, 0, 68423680000, 0, 0, 183015895652.434418, 2424633059815.468262, 0.646400, 87.552000
T14C12_acam, energyDAC, , Accumulator, 34684515000, 4, 0, 0, 1040000, 0, 0, 47983279.331875, 2213841437.864069, 46.137769, 46.137769
T14C12_acam, energySA, , Accumulator, 34684515000, 4, 0, 0, 266240000, 0, 0, 4792319999.999999, 86261759999.999985, 18.000000, 18.000000
T14C12_acam, energyPC, , Accumulator, 34684515000, 4, 0, 0, 266240000, 0, 0, 3924910099.147916, 57861024161.071457, 14.742000, 14.742000
T14C12_acam, energyREG, , Accumulator, 34684515000, 4, 0, 0, 267280001, 0, 0, 12454276424.162323, 104266996510059347968.000000, 8.170000, 10211121216.000000
T14C12__mpe, activeCycle, , Accumulator, 34684515000, 4, 1580000, 1580000, 1580000, 1, 1, 0, 0, 0, 0
T14C13_ctrl, activeCycleF, , Accumulator, 34684515000, 4, 34684515, 34684515, 34684515, 1, 1, 0, 0, 0, 0
T14C13_ctrl, activeCycleD, , Accumulator, 34684515000, 4, 34141833, 34141833, 34141833, 1, 1, 0, 0, 0, 0
T14C13_ctrl, activeCycleM, , Accumulator, 34684515000, 4, 5823186, 5823186, 5823186, 1, 1, 0, 0, 0, 0
T14C13_ctrl, activeCycleALU, , Accumulator, 34684515000, 4, 23461833, 23461833, 23461833, 1, 1, 0, 0, 0, 0
T14C13_ctrl, activeCycleFPU, , Accumulator, 34684515000, 4, 2860000, 2860000, 2860000, 1, 1, 0, 0, 0, 0
T14C13_acam, energyCAM, , Accumulator, 34684515000, 4, 0, 0, 68423680000, 0, 0, 182896819795.351715, 2424079389493.070312, 0.646400, 87.552000
T14C13_acam, energyDAC, , Accumulator, 34684515000, 4, 0, 0, 1040000, 0, 0, 47983279.331875, 2213841437.864069, 46.137769, 46.137769
T14C13_acam, energySA, , Accumulator, 34684515000, 4, 0, 0, 266240000, 0, 0, 4792319999.999999, 86261759999.999985, 18.000000, 18.000000
T14C13_acam, energyPC, , Accumulator, 34684515000, 4, 0, 0, 266240000, 0, 0, 3924910099.147916, 57861024161.071457, 14.742000, 14.742000
T14C13_acam, energyREG, , Accumulator, 34684515000, 4, 0, 0, 267280001, 0, 0, 12454276424.162323, 104266996510059347968.000000, 8.170000, 10211121216.000000
T14C13__mpe, activeCycle, , Accumulator, 34684515000, 4, 1580000, 1580000, 1580000, 1, 1, 0, 0, 0, 0
T14C14_ctrl, activeCycleF, , Accumulator, 34684515000, 4, 34684515, 34684515, 34684515, 1, 1, 0, 0, 0, 0
T14C14_ctrl, activeCycleD, , Accumulator, 34684515000, 4, 34141833, 34141833, 34141833, 1, 1, 0, 0, 0, 0
T14C14_ctrl, activeCycleM, , Accumulator, 34684515000, 4, 5823186, 5823186, 5823186, 1, 1, 0, 0, 0, 0
T14C14_ctrl, activeCycleALU, , Accumulator, 34684515000, 4, 23461833, 23461833, 23461833, 1, 1, 0, 0, 0, 0
T14C14_ctrl, activeCycleFPU, , Accumulator, 34684515000, 4, 2860000, 2860000, 2860000, 1, 1, 0, 0, 0, 0
T14C14_acam, energyCAM, , Accumulator, 34684515000, 4, 0, 0, 68423680000, 0, 0, 182863552801.036774, 2423007621281.194336, 0.646400, 87.552000
T14C14_acam, energyDAC, , Accumulator, 34684515000, 4, 0, 0, 1040000, 0, 0, 47983279.331875, 2213841437.864069, 46.137769, 46.137769
T14C14_acam, energySA, , Accumulator, 34684515000, 4, 0, 0, 266240000, 0, 0, 4792319999.999999, 86261759999.999985, 18.000000, 18.000000
T14C14_acam, energyPC, , Accumulator, 34684515000, 4, 0, 0, 266240000, 0, 0, 3924910099.147916, 57861024161.071457, 14.742000, 14.742000
T14C14_acam, energyREG, , Accumulator, 34684515000, 4, 0, 0, 267280001, 0, 0, 12454276424.162323, 104266996510059347968.000000, 8.170000, 10211121216.000000
T14C14__mpe, activeCycle, , Accumulator, 34684515000, 4, 1580000, 1580000, 1580000, 1, 1, 0, 0, 0, 0
T14C15_ctrl, activeCycleF, , Accumulator, 34684515000, 4, 34684515, 34684515, 34684515, 1, 1, 0, 0, 0, 0
T14C15_ctrl, activeCycleD, , Accumulator, 34684515000, 4, 34141833, 34141833, 34141833, 1, 1, 0, 0, 0, 0
T14C15_ctrl, activeCycleM, , Accumulator, 34684515000, 4, 5823186, 5823186, 5823186, 1, 1, 0, 0, 0, 0
T14C15_ctrl, activeCycleALU, , Accumulator, 34684515000, 4, 23461833, 23461833, 23461833, 1, 1, 0, 0, 0, 0
T14C15_ctrl, activeCycleFPU, , Accumulator, 34684515000, 4, 2860000, 2860000, 2860000, 1, 1, 0, 0, 0, 0
T14C15_acam, energyCAM, , Accumulator, 34684515000, 4, 0, 0, 68423680000, 0, 0, 182955645660.411896, 2424601557493.906738, 0.646400, 87.552000
T14C15_acam, energyDAC, , Accumulator, 34684515000, 4, 0, 0, 1040000, 0, 0, 47983279.331875, 2213841437.864069, 46.137769, 46.137769
T14C15_acam, energySA, , Accumulator, 34684515000, 4, 0, 0, 266240000, 0, 0, 4792319999.999999, 86261759999.999985, 18.000000, 18.000000
T14C15_acam, energyPC, , Accumulator, 34684515000, 4, 0, 0, 266240000, 0, 0, 3924910099.147916, 57861024161.071457, 14.742000, 14.742000
T14C15_acam, energyREG, , Accumulator, 34684515000, 4, 0, 0, 267280001, 0, 0, 12454276424.162323, 104266996510059347968.000000, 8.170000, 10211121216.000000
T14C15__mpe, activeCycle, , Accumulator, 34684515000, 4, 1580000, 1580000, 1580000, 1, 1, 0, 0, 0, 0
T15_ctrl, activeCycleF, , Accumulator, 34684515000, 4, 34684515, 34684515, 34684515, 1, 1, 0, 0, 0, 0
T15_ctrl, activeCycleD, , Accumulator, 34684515000, 4, 28071834, 28071834, 28071834, 1, 1, 0, 0, 0, 0
T15_ctrl, activeCycleM, , Accumulator, 34684515000, 4, 15463086, 23783086, 11303086, 1, 2, 0, 0, 0, 0
T15_ctrl, activeCycleALU, , Accumulator, 34684515000, 4, 27801733, 27801733, 27801733, 1, 1, 0, 0, 0, 0
T15_ctrl, activeCycleFPU, , Accumulator, 34684515000, 4, 0, 0, 0, 0, 0, 0, 0, 0, 0
T15C00_ctrl, activeCycleF, , Accumulator, 34684515000, 4, 34684515, 34684515, 34684515, 1, 1, 0, 0, 0, 0
T15C00_ctrl, activeCycleD, , Accumulator, 34684515000, 4, 34141833, 34141833, 34141833, 1, 1, 0, 0, 0, 0
T15C00_ctrl, activeCycleM, , Accumulator, 34684515000, 4, 5823186, 5823186, 5823186, 1, 1, 0, 0, 0, 0
T15C00_ctrl, activeCycleALU, , Accumulator, 34684515000, 4, 23461833, 23461833, 23461833, 1, 1, 0, 0, 0, 0
T15C00_ctrl, activeCycleFPU, , Accumulator, 34684515000, 4, 2860000, 2860000, 2860000, 1, 1, 0, 0, 0, 0
T15C00_acam, energyCAM, , Accumulator, 34684515000, 4, 0, 0, 68423680000, 0, 0, 183021327026.270386, 2424726324899.963379, 0.646400, 87.552000
T15C00_acam, energyDAC, , Accumulator, 34684515000, 4, 0, 0, 1040000, 0, 0, 47983279.331875, 2213841437.864069, 46.137769, 46.137769
T15C00_acam, energySA, , Accumulator, 34684515000, 4, 0, 0, 266240000, 0, 0, 4792319999.999999, 86261759999.999985, 18.000000, 18.000000
T15C00_acam, energyPC, , Accumulator, 34684515000, 4, 0, 0, 266240000, 0, 0, 3924910099.147916, 57861024161.071457, 14.742000, 14.742000
T15C00_acam, energyREG, , Accumulator, 34684515000, 4, 0, 0, 267280001, 0, 0, 12454276424.162323, 104266996510059347968.000000, 8.170000, 10211121216.000000
T15C00__mpe, activeCycle, , Accumulator, 34684515000, 4, 1580000, 1580000, 1580000, 1, 1, 0, 0, 0, 0
T15C01_ctrl, activeCycleF, , Accumulator, 34684515000, 4, 34684515, 34684515, 34684515, 1, 1, 0, 0, 0, 0
T15C01_ctrl, activeCycleD, , Accumulator, 34684515000, 4, 34141833, 34141833, 34141833, 1, 1, 0, 0, 0, 0
T15C01_ctrl, activeCycleM, , Accumulator, 34684515000, 4, 5823186, 5823186, 5823186, 1, 1, 0, 0, 0, 0
T15C01_ctrl, activeCycleALU, , Accumulator, 34684515000, 4, 23461833, 23461833, 23461833, 1, 1, 0, 0, 0, 0
T15C01_ctrl, activeCycleFPU, , Accumulator, 34684515000, 4, 2860000, 2860000, 2860000, 1, 1, 0, 0, 0, 0
T15C01_acam, energyCAM, , Accumulator, 34684515000, 4, 0, 0, 68423680000, 0, 0, 182737647775.871216, 2422077040088.036133, 0.646400, 87.552000
T15C01_acam, energyDAC, , Accumulator, 34684515000, 4, 0, 0, 1040000, 0, 0, 47983279.331875, 2213841437.864069, 46.137769, 46.137769
T15C01_acam, energySA, , Accumulator, 34684515000, 4, 0, 0, 266240000, 0, 0, 4792319999.999999, 86261759999.999985, 18.000000, 18.000000
T15C01_acam, energyPC, , Accumulator, 34684515000, 4, 0, 0, 266240000, 0, 0, 3924910099.147916, 57861024161.071457, 14.742000, 14.742000
T15C01_acam, energyREG, , Accumulator, 34684515000, 4, 0, 0, 267280001, 0, 0, 12454276424.162323, 104266996510059347968.000000, 8.170000, 10211121216.000000
T15C01__mpe, activeCycle, , Accumulator, 34684515000, 4, 1580000, 1580000, 1580000, 1, 1, 0, 0, 0, 0
T15C02_ctrl, activeCycleF, , Accumulator, 34684515000, 4, 34684515, 34684515, 34684515, 1, 1, 0, 0, 0, 0
T15C02_ctrl, activeCycleD, , Accumulator, 34684515000, 4, 34141833, 34141833, 34141833, 1, 1, 0, 0, 0, 0
T15C02_ctrl, activeCycleM, , Accumulator, 34684515000, 4, 5823186, 5823186, 5823186, 1, 1, 0, 0, 0, 0
T15C02_ctrl, activeCycleALU, , Accumulator, 34684515000, 4, 23461833, 23461833, 23461833, 1, 1, 0, 0, 0, 0
T15C02_ctrl, activeCycleFPU, , Accumulator, 34684515000, 4, 2860000, 2860000, 2860000, 1, 1, 0, 0, 0, 0
T15C02_acam, energyCAM, , Accumulator, 34684515000, 4, 0, 0, 68423680000, 0, 0, 182716055748.315796, 2422388623232.868652, 0.646400, 87.552000
T15C02_acam, energyDAC, , Accumulator, 34684515000, 4, 0, 0, 1040000, 0, 0, 47983279.331875, 2213841437.864069, 46.137769, 46.137769
T15C02_acam, energySA, , Accumulator, 34684515000, 4, 0, 0, 266240000, 0, 0, 4792319999.999999, 86261759999.999985, 18.000000, 18.000000
T15C02_acam, energyPC, , Accumulator, 34684515000, 4, 0, 0, 266240000, 0, 0, 3924910099.147916, 57861024161.071457, 14.742000, 14.742000
T15C02_acam, energyREG, , Accumulator, 34684515000, 4, 0, 0, 267280001, 0, 0, 12454276424.162323, 104266996510059347968.000000, 8.170000, 10211121216.000000
T15C02__mpe, activeCycle, , Accumulator, 34684515000, 4, 1580000, 1580000, 1580000, 1, 1, 0, 0, 0, 0
T15C03_ctrl, activeCycleF, , Accumulator, 34684515000, 4, 34684515, 34684515, 34684515, 1, 1, 0, 0, 0, 0
T15C03_ctrl, activeCycleD, , Accumulator, 34684515000, 4, 34141833, 34141833, 34141833, 1, 1, 0, 0, 0, 0
T15C03_ctrl, activeCycleM, , Accumulator, 34684515000, 4, 5823186, 5823186, 5823186, 1, 1, 0, 0, 0, 0
T15C03_ctrl, activeCycleALU, , Accumulator, 34684515000, 4, 23461833, 23461833, 23461833, 1, 1, 0, 0, 0, 0
T15C03_ctrl, activeCycleFPU, , Accumulator, 34684515000, 4, 2860000, 2860000, 2860000, 1, 1, 0, 0, 0, 0
T15C03_acam, energyCAM, , Accumulator, 34684515000, 4, 0, 0, 68423680000, 0, 0, 182520489362.396790, 2422012165455.380859, 0.646400, 87.552000
T15C03_acam, energyDAC, , Accumulator, 34684515000, 4, 0, 0, 1040000, 0, 0, 47983279.331875, 2213841437.864069, 46.137769, 46.137769
T15C03_acam, energySA, , Accumulator, 34684515000, 4, 0, 0, 266240000, 0, 0, 4792319999.999999, 86261759999.999985, 18.000000, 18.000000
T15C03_acam, energyPC, , Accumulator, 34684515000, 4, 0, 0, 266240000, 0, 0, 3924910099.147916, 57861024161.071457, 14.742000, 14.742000
T15C03_acam, energyREG, , Accumulator, 34684515000, 4, 0, 0, 267280001, 0, 0, 12454276424.162323, 104266996510059347968.000000, 8.170000, 10211121216.000000
T15C03__mpe, activeCycle, , Accumulator, 34684515000, 4, 1580000, 1580000, 1580000, 1, 1, 0, 0, 0, 0
T15C04_ctrl, activeCycleF, , Accumulator, 34684515000, 4, 34684515, 34684515, 34684515, 1, 1, 0, 0, 0, 0
T15C04_ctrl, activeCycleD, , Accumulator, 34684515000, 4, 34141833, 34141833, 34141833, 1, 1, 0, 0, 0, 0
T15C04_ctrl, activeCycleM, , Accumulator, 34684515000, 4, 5823186, 5823186, 5823186, 1, 1, 0, 0, 0, 0
T15C04_ctrl, activeCycleALU, , Accumulator, 34684515000, 4, 23461833, 23461833, 23461833, 1, 1, 0, 0, 0, 0
T15C04_ctrl, activeCycleFPU, , Accumulator, 34684515000, 4, 2860000, 2860000, 2860000, 1, 1, 0, 0, 0, 0
T15C04_acam, energyCAM, , Accumulator, 34684515000, 4, 0, 0, 68423680000, 0, 0, 183495899887.653595, 2427316021213.270996, 0.646400, 87.552000
T15C04_acam, energyDAC, , Accumulator, 34684515000, 4, 0, 0, 1040000, 0, 0, 47983279.331875, 2213841437.864069, 46.137769, 46.137769
T15C04_acam, energySA, , Accumulator, 34684515000, 4, 0, 0, 266240000, 0, 0, 4792319999.999999, 86261759999.999985, 18.000000, 18.000000
T15C04_acam, energyPC, , Accumulator, 34684515000, 4, 0, 0, 266240000, 0, 0, 3924910099.147916, 57861024161.071457, 14.742000, 14.742000
T15C04_acam, energyREG, , Accumulator, 34684515000, 4, 0, 0, 267280001, 0, 0, 12454276424.162323, 104266996510059347968.000000, 8.170000, 10211121216.000000
T15C04__mpe, activeCycle, , Accumulator, 34684515000, 4, 1580000, 1580000, 1580000, 1, 1, 0, 0, 0, 0
T15C05_ctrl, activeCycleF, , Accumulator, 34684515000, 4, 34684515, 34684515, 34684515, 1, 1, 0, 0, 0, 0
T15C05_ctrl, activeCycleD, , Accumulator, 34684515000, 4, 34141833, 34141833, 34141833, 1, 1, 0, 0, 0, 0
T15C05_ctrl, activeCycleM, , Accumulator, 34684515000, 4, 5823186, 5823186, 5823186, 1, 1, 0, 0, 0, 0
T15C05_ctrl, activeCycleALU, , Accumulator, 34684515000, 4, 23461833, 23461833, 23461833, 1, 1, 0, 0, 0, 0
T15C05_ctrl, activeCycleFPU, , Accumulator, 34684515000, 4, 2860000, 2860000, 2860000, 1, 1, 0, 0, 0, 0
T15C05_acam, energyCAM, , Accumulator, 34684515000, 4, 0, 0, 68423680000, 0, 0, 182989710708.885681, 2424022454280.705566, 0.646400, 87.552000
T15C05_acam, energyDAC, , Accumulator, 34684515000, 4, 0, 0, 1040000, 0, 0, 47983279.331875, 2213841437.864069, 46.137769, 46.137769
T15C05_acam, energySA, , Accumulator, 34684515000, 4, 0, 0, 266240000, 0, 0, 4792319999.999999, 86261759999.999985, 18.000000, 18.000000
T15C05_acam, energyPC, , Accumulator, 34684515000, 4, 0, 0, 266240000, 0, 0, 3924910099.147916, 57861024161.071457, 14.742000, 14.742000
T15C05_acam, energyREG, , Accumulator, 34684515000, 4, 0, 0, 267280001, 0, 0, 12454276424.162323, 104266996510059347968.000000, 8.170000, 10211121216.000000
T15C05__mpe, activeCycle, , Accumulator, 34684515000, 4, 1580000, 1580000, 1580000, 1, 1, 0, 0, 0, 0
T15C06_ctrl, activeCycleF, , Accumulator, 34684515000, 4, 34684515, 34684515, 34684515, 1, 1, 0, 0, 0, 0
T15C06_ctrl, activeCycleD, , Accumulator, 34684515000, 4, 34141833, 34141833, 34141833, 1, 1, 0, 0, 0, 0
T15C06_ctrl, activeCycleM, , Accumulator, 34684515000, 4, 5823186, 5823186, 5823186, 1, 1, 0, 0, 0, 0
T15C06_ctrl, activeCycleALU, , Accumulator, 34684515000, 4, 23461833, 23461833, 23461833, 1, 1, 0, 0, 0, 0
T15C06_ctrl, activeCycleFPU, , Accumulator, 34684515000, 4, 2860000, 2860000, 2860000, 1, 1, 0, 0, 0, 0
T15C06_acam, energyCAM, , Accumulator, 34684515000, 4, 0, 0, 68423680000, 0, 0, 182901452174.267365, 2423694574034.752441, 0.646400, 87.552000
T15C06_acam, energyDAC, , Accumulator, 34684515000, 4, 0, 0, 1040000, 0, 0, 47983279.331875, 2213841437.864069, 46.137769, 46.137769
T15C06_acam, energySA, , Accumulator, 34684515000, 4, 0, 0, 266240000, 0, 0, 4792319999.999999, 86261759999.999985, 18.000000, 18.000000
T15C06_acam, energyPC, , Accumulator, 34684515000, 4, 0, 0, 266240000, 0, 0, 3924910099.147916, 57861024161.071457, 14.742000, 14.742000
T15C06_acam, energyREG, , Accumulator, 34684515000, 4, 0, 0, 267280001, 0, 0, 12454276424.162323, 104266996510059347968.000000, 8.170000, 10211121216.000000
T15C06__mpe, activeCycle, , Accumulator, 34684515000, 4, 1580000, 1580000, 1580000, 1, 1, 0, 0, 0, 0
T15C07_ctrl, activeCycleF, , Accumulator, 34684515000, 4, 34684515, 34684515, 34684515, 1, 1, 0, 0, 0, 0
T15C07_ctrl, activeCycleD, , Accumulator, 34684515000, 4, 34141833, 34141833, 34141833, 1, 1, 0, 0, 0, 0
T15C07_ctrl, activeCycleM, , Accumulator, 34684515000, 4, 5823186, 5823186, 5823186, 1, 1, 0, 0, 0, 0
T15C07_ctrl, activeCycleALU, , Accumulator, 34684515000, 4, 23461833, 23461833, 23461833, 1, 1, 0, 0, 0, 0
T15C07_ctrl, activeCycleFPU, , Accumulator, 34684515000, 4, 2860000, 2860000, 2860000, 1, 1, 0, 0, 0, 0
T15C07_acam, energyCAM, , Accumulator, 34684515000, 4, 0, 0, 68423680000, 0, 0, 182926798594.543671, 2424011769727.724121, 0.646400, 87.552000
T15C07_acam, energyDAC, , Accumulator, 34684515000, 4, 0, 0, 1040000, 0, 0, 47983279.331875, 2213841437.864069, 46.137769, 46.137769
T15C07_acam, energySA, , Accumulator, 34684515000, 4, 0, 0, 266240000, 0, 0, 4792319999.999999, 86261759999.999985, 18.000000, 18.000000
T15C07_acam, energyPC, , Accumulator, 34684515000, 4, 0, 0, 266240000, 0, 0, 3924910099.147916, 57861024161.071457, 14.742000, 14.742000
T15C07_acam, energyREG, , Accumulator, 34684515000, 4, 0, 0, 267280001, 0, 0, 12454276424.162323, 104266996510059347968.000000, 8.170000, 10211121216.000000
T15C07__mpe, activeCycle, , Accumulator, 34684515000, 4, 1580000, 1580000, 1580000, 1, 1, 0, 0, 0, 0
T15C08_ctrl, activeCycleF, , Accumulator, 34684515000, 4, 34684515, 34684515, 34684515, 1, 1, 0, 0, 0, 0
T15C08_ctrl, activeCycleD, , Accumulator, 34684515000, 4, 34141833, 34141833, 34141833, 1, 1, 0, 0, 0, 0
T15C08_ctrl, activeCycleM, , Accumulator, 34684515000, 4, 5823186, 5823186, 5823186, 1, 1, 0, 0, 0, 0
T15C08_ctrl, activeCycleALU, , Accumulator, 34684515000, 4, 23461833, 23461833, 23461833, 1, 1, 0, 0, 0, 0
T15C08_ctrl, activeCycleFPU, , Accumulator, 34684515000, 4, 2860000, 2860000, 2860000, 1, 1, 0, 0, 0, 0
T15C08_acam, energyCAM, , Accumulator, 34684515000, 4, 0, 0, 68423680000, 0, 0, 182577504735.044006, 2421843672418.803223, 0.646400, 87.552000
T15C08_acam, energyDAC, , Accumulator, 34684515000, 4, 0, 0, 1040000, 0, 0, 47983279.331875, 2213841437.864069, 46.137769, 46.137769
T15C08_acam, energySA, , Accumulator, 34684515000, 4, 0, 0, 266240000, 0, 0, 4792319999.999999, 86261759999.999985, 18.000000, 18.000000
T15C08_acam, energyPC, , Accumulator, 34684515000, 4, 0, 0, 266240000, 0, 0, 3924910099.147916, 57861024161.071457, 14.742000, 14.742000
T15C08_acam, energyREG, , Accumulator, 34684515000, 4, 0, 0, 267280001, 0, 0, 12454276424.162323, 104266996510059347968.000000, 8.170000, 10211121216.000000
T15C08__mpe, activeCycle, , Accumulator, 34684515000, 4, 1580000, 1580000, 1580000, 1, 1, 0, 0, 0, 0
T15C09_ctrl, activeCycleF, , Accumulator, 34684515000, 4, 34684515, 34684515, 34684515, 1, 1, 0, 0, 0, 0
T15C09_ctrl, activeCycleD, , Accumulator, 34684515000, 4, 34141833, 34141833, 34141833, 1, 1, 0, 0, 0, 0
T15C09_ctrl, activeCycleM, , Accumulator, 34684515000, 4, 5823186, 5823186, 5823186, 1, 1, 0, 0, 0, 0
T15C09_ctrl, activeCycleALU, , Accumulator, 34684515000, 4, 23461833, 23461833, 23461833, 1, 1, 0, 0, 0, 0
T15C09_ctrl, activeCycleFPU, , Accumulator, 34684515000, 4, 2860000, 2860000, 2860000, 1, 1, 0, 0, 0, 0
T15C09_acam, energyCAM, , Accumulator, 34684515000, 4, 0, 0, 68423680000, 0, 0, 183016228410.545807, 2424463424257.121582, 0.646400, 87.552000
T15C09_acam, energyDAC, , Accumulator, 34684515000, 4, 0, 0, 1040000, 0, 0, 47983279.331875, 2213841437.864069, 46.137769, 46.137769
T15C09_acam, energySA, , Accumulator, 34684515000, 4, 0, 0, 266240000, 0, 0, 4792319999.999999, 86261759999.999985, 18.000000, 18.000000
T15C09_acam, energyPC, , Accumulator, 34684515000, 4, 0, 0, 266240000, 0, 0, 3924910099.147916, 57861024161.071457, 14.742000, 14.742000
T15C09_acam, energyREG, , Accumulator, 34684515000, 4, 0, 0, 267280001, 0, 0, 12454276424.162323, 104266996510059347968.000000, 8.170000, 10211121216.000000
T15C09__mpe, activeCycle, , Accumulator, 34684515000, 4, 1580000, 1580000, 1580000, 1, 1, 0, 0, 0, 0
T15C10_ctrl, activeCycleF, , Accumulator, 34684515000, 4, 34684515, 34684515, 34684515, 1, 1, 0, 0, 0, 0
T15C10_ctrl, activeCycleD, , Accumulator, 34684515000, 4, 34141833, 34141833, 34141833, 1, 1, 0, 0, 0, 0
T15C10_ctrl, activeCycleM, , Accumulator, 34684515000, 4, 5823186, 5823186, 5823186, 1, 1, 0, 0, 0, 0
T15C10_ctrl, activeCycleALU, , Accumulator, 34684515000, 4, 23461833, 23461833, 23461833, 1, 1, 0, 0, 0, 0
T15C10_ctrl, activeCycleFPU, , Accumulator, 34684515000, 4, 2860000, 2860000, 2860000, 1, 1, 0, 0, 0, 0
T15C10_acam, energyCAM, , Accumulator, 34684515000, 4, 0, 0, 68423680000, 0, 0, 182863206900.187408, 2423824889350.395508, 0.646400, 87.552000
T15C10_acam, energyDAC, , Accumulator, 34684515000, 4, 0, 0, 1040000, 0, 0, 47983279.331875, 2213841437.864069, 46.137769, 46.137769
T15C10_acam, energySA, , Accumulator, 34684515000, 4, 0, 0, 266240000, 0, 0, 4792319999.999999, 86261759999.999985, 18.000000, 18.000000
T15C10_acam, energyPC, , Accumulator, 34684515000, 4, 0, 0, 266240000, 0, 0, 3924910099.147916, 57861024161.071457, 14.742000, 14.742000
T15C10_acam, energyREG, , Accumulator, 34684515000, 4, 0, 0, 267280001, 0, 0, 12454276424.162323, 104266996510059347968.000000, 8.170000, 10211121216.000000
T15C10__mpe, activeCycle, , Accumulator, 34684515000, 4, 1580000, 1580000, 1580000, 1, 1, 0, 0, 0, 0
T15C11_ctrl, activeCycleF, , Accumulator, 34684515000, 4, 34684515, 34684515, 34684515, 1, 1, 0, 0, 0, 0
T15C11_ctrl, activeCycleD, , Accumulator, 34684515000, 4, 34141833, 34141833, 34141833, 1, 1, 0, 0, 0, 0
T15C11_ctrl, activeCycleM, , Accumulator, 34684515000, 4, 5823186, 5823186, 5823186, 1, 1, 0, 0, 0, 0
T15C11_ctrl, activeCycleALU, , Accumulator, 34684515000, 4, 23461833, 23461833, 23461833, 1, 1, 0, 0, 0, 0
T15C11_ctrl, activeCycleFPU, , Accumulator, 34684515000, 4, 2860000, 2860000, 2860000, 1, 1, 0, 0, 0, 0
T15C11_acam, energyCAM, , Accumulator, 34684515000, 4, 0, 0, 68423680000, 0, 0, 182852929773.198700, 2423335272683.839844, 0.646400, 87.552000
T15C11_acam, energyDAC, , Accumulator, 34684515000, 4, 0, 0, 1040000, 0, 0, 47983279.331875, 2213841437.864069, 46.137769, 46.137769
T15C11_acam, energySA, , Accumulator, 34684515000, 4, 0, 0, 266240000, 0, 0, 4792319999.999999, 86261759999.999985, 18.000000, 18.000000
T15C11_acam, energyPC, , Accumulator, 34684515000, 4, 0, 0, 266240000, 0, 0, 3924910099.147916, 57861024161.071457, 14.742000, 14.742000
T15C11_acam, energyREG, , Accumulator, 34684515000, 4, 0, 0, 267280001, 0, 0, 12454276424.162323, 104266996510059347968.000000, 8.170000, 10211121216.000000
T15C11__mpe, activeCycle, , Accumulator, 34684515000, 4, 1580000, 1580000, 1580000, 1, 1, 0, 0, 0, 0
T15C12_ctrl, activeCycleF, , Accumulator, 34684515000, 4, 34684515, 34684515, 34684515, 1, 1, 0, 0, 0, 0
T15C12_ctrl, activeCycleD, , Accumulator, 34684515000, 4, 34141833, 34141833, 34141833, 1, 1, 0, 0, 0, 0
T15C12_ctrl, activeCycleM, , Accumulator, 34684515000, 4, 5823186, 5823186, 5823186, 1, 1, 0, 0, 0, 0
T15C12_ctrl, activeCycleALU, , Accumulator, 34684515000, 4, 23461833, 23461833, 23461833, 1, 1, 0, 0, 0, 0
T15C12_ctrl, activeCycleFPU, , Accumulator, 34684515000, 4, 2860000, 2860000, 2860000, 1, 1, 0, 0, 0, 0
